use sgmysqldb1;
CREATE TABLE STUDENT (
ID INT NOT NULL,
FIRST_NAME VARCHAR(255),
LAST_NAME VARCHAR(255),
PHONE VARCHAR(255),
PRIMARY KEY (ID));
DROP TABLE IF EXISTS STUDENT;
INSERT INTO STUDENT VALUES(01,'BARRY','ALLEN','567-890-9876');
INSERT INTO STUDENT VALUES (02,'MICHAELA','STONE','980-987-0987');
INSERT INTO STUDENT VALUES(03,'BEN','STONE','678-098-0987');
---===================================================================
CREATE TABLE DEPARTMENT1 (
DEPT_NAME VARCHAR(255) NOT NULL,
LOCATION VARCHAR(255),
PRIMARY KEY (DEPT_NAME));
INSERT INTO DEPARTMENT1 VALUES ('SCIENCE','FRISCO');
INSERT INTO DEPARTMENT1 VALUES('COMPUTERS','VEGAS');
INSERT INTO DEPARTMENT1 VALUES('AERONAUTICALS','FLORIDA');
===========================================================
CREATE TABLE INSTRUCTOR (
ID INTEGER(10) NOT NULL,
DEPARTMENT_NAME VARCHAR(255),
HOD VARCHAR(255),
FIRST_NAME VARCHAR(255),
LAST_NAME VARCHAR(255),
PHONE VARCHAR(255),
PRIMARY KEY (ID),
FOREIGN KEY (DEPARTMENT_NAME) REFERENCES DEPARTMENT1(DEPT_NAME));
INSERT INTO INSTRUCTOR VALUES(1,'SCIENCE','IRIS','MELISSA','STANZ','435-908-0987');
INSERT INTO INSTRUCTOR VALUES(2,'COMPUTERS','DIANA','LISA','HYDHY','890-098-0989');
INSERT INTO INSTRUCTOR VALUES(3,'AERONAUTICALS','PATRICK','HYATI','DESOUSA','678-567-7654');
INSERT INTO INSTRUCTOR VALUES(4,'MATHS','CHANDHU','RAVAN','LANKA','456-765-9876');
SELECT * FROM INSTRUCTOR;
================================================================================
CREATE TABLE COURSE (
ID INT NOT NULL,
DEPARTMENT_NAME VARCHAR(255),
INSTRUCTOR_ID INT,
DURATION INT,
COURSE_NAME VARCHAR(255),
PRIMARY KEY (ID),
FOREIGN KEY (DEPARTMENT_NAME) REFERENCES DEPARTMENT1(DEPT_NAME),
FOREIGN KEY(INSTRUCTOR_ID) REFERENCES INSTRUCTOR(ID));
INSERT INTO COURSE VALUES (5,'SCIENCE',1,1,'SCIENCE AND TECHNOLOGIES');
INSERT INTO COURSE VALUES(6,'COMPUTERS',2,2,'COMPUTER SCIENCE');
INSERT INTO COURSE VALUES(7,'AERONAUTICALS',3,2,'AERONAUTICAL ENGINEERING');
INSERT INTO COURSE VALUES(8,'MATHS',4,1,'MATHS ANS SCIENCE');
SELECT * FROM COURSE;
================================================================================
CREATE TABLE COURSE_STUDENT (
COURSE_ID INT,
STUDENT_ID INT,
FOREIGN KEY (COURSE_ID) REFERENCES COURSE(ID),
FOREIGN KEY (STUDENT_ID) REFERENCES STUDENT(ID));
INSERT INTO COURSE_STUDENT VALUES(5,01);
INSERT INTO COURSE_STUDENT VALUES(6,02);
INSERT INTO COURSE_STUDENT VALUES(7,03);
SELECT * FROM COURSE_STUDENT;